日時,年齢,性別,おすすめアイテム,体温
2021/10/8 9:37,23.2802,女性,　,37
2021/10/8 9:37,18.6986,女性,　,36.9
2021/10/8 13:17,22.4723,女性,　,36.6
2021/10/8 13:18,21.5765,女性,　,36.7
2021/10/8 13:37,22.2448,女性,　,36.5
2021/10/8 13:42,25.1537,男性, ,36.8
2021/10/8 13:56,20.2823,男性, ,37
2021/10/8 13:56,33.9916,男性, ,37
2021/10/8 14:59,39.0216,女性,　,37.2
2021/10/8 15:00,21.8339,男性, ,37.5
2021/10/8 15:01,25.808,女性,　,
2021/10/8 15:02,28.7437,女性,　,37.3
2021/10/8 15:05,23.742,男性, ,37.2
2021/10/8 15:10,27.5841,女性,　,37.1
2021/10/8 15:10,19.0645,女性,　,37
2021/10/8 15:10,35.243,女性,　,37
2021/10/8 15:11,26.8048,女性,　,37
2021/10/8 15:12,28.4302,女性,　,37
2021/10/8 15:12,26.4372,女性,　,36.9
2021/10/8 15:13,26.3057,男性, ,37
2021/10/8 15:24,27.2212,男性, ,
2021/10/8 15:25,26.6054,男性, ,36.9
2021/10/8 15:25,31.2112,男性, ,36.5
2021/10/8 15:27,33.2955,男性, ,37.1
2021/10/8 15:27,28.6093,男性, ,
2021/10/11 16:13,34.9166,男性, ,
2021/10/11 16:40,21.7814,女性,　,
2021/10/15 11:22,28.7398,女性,　,37.3
2021/10/15 11:26,33.7037,男性, ,37.1
2021/10/15 11:27,33.0757,男性, ,37.2
2021/10/15 11:27,31.4144,男性, ,37.2
2021/10/15 11:28,30.5267,女性,　,37.2
2021/10/15 11:29,22.0872,女性,　,37
2021/10/15 11:29,22.8618,女性,　,37.1
2021/10/15 11:31,29.7533,女性,　,37
2021/10/15 11:31,32.0829,女性,　,37.1
2021/10/15 11:32,21.0312,女性,　,37
2021/10/15 11:33,27.4175,女性,　,
2021/10/15 11:34,29.8298,男性, ,37.1
2021/10/15 11:36,23.0047,女性,　,
2021/10/15 11:37,33.3598,女性,　,
2021/10/15 11:37,21.6162,女性,　,37
2021/10/15 11:37,35.387,女性,　,
2021/10/15 11:38,30.9786,女性,　,
2021/10/15 11:38,33.3187,女性,　,37
2021/10/15 11:39,21.9234,女性,　,36.8
2021/10/15 11:40,22.1288,女性,　,36.9
2021/10/15 11:40,23.9552,女性,　,
2021/10/15 11:41,20.6336,女性,　,36.7
2021/10/15 11:42,20.6231,女性,　,36.9
2021/10/15 11:43,34.932,男性, ,37.2
2021/10/15 11:44,32.2951,男性, ,37.1
2021/10/15 14:41,22.0141,女性,　,36.9
2021/10/15 14:42,32.236,男性, ,37
2021/10/15 14:42,25.9797,男性, ,37.1
2021/10/15 15:00,27.8848,男性, ,37.2
2021/10/15 16:48,32.2491,女性,　,36.3
2021/10/15 16:49,29.0935,男性, ,36.3
2021/10/15 16:49,26.3248,女性,　,
2021/10/15 16:49,34.5979,女性,　,36.4
2021/10/15 16:49,25.6309,女性,　,
2021/10/15 16:50,33.1521,男性, ,36.4
2021/10/15 16:50,32.4959,男性, ,36.1
2021/10/15 16:51,31.0155,男性, ,35.9
2021/10/15 16:52,34.2066,男性, ,36
2021/10/15 16:52,31.5868,男性, ,36
2021/10/15 16:52,35.04,男性, ,36
2021/10/15 16:53,22.2725,女性,　,35.7
2021/10/15 16:54,25.0003,女性,　,35.8
2021/10/15 16:54,21.8041,女性,　,
2021/10/15 16:55,23.9046,女性,　,35.8
2021/10/15 16:55,22.4976,女性,　,35.9
2021/10/15 16:55,24.4322,女性,　,35.9
2021/10/15 16:56,24.1075,女性,　,
2021/10/15 16:56,24.1445,女性,　,35.9
2021/10/15 16:56,13.5239,女性,　,
2021/10/15 16:57,22.5364,女性,　,
2021/10/15 16:57,26.1185,女性,　,35.8
2021/10/15 16:58,22.1469,女性,　,35.8
2021/10/15 17:17,35.7822,女性,　,35.8
2021/10/15 17:18,23.0419,男性, ,35.8
2021/10/15 17:19,24.6301,男性, ,35.8
2021/10/15 17:20,34.1546,女性,　,35.9
2021/10/15 17:20,33.4577,女性,　,36.1
2021/10/21 16:06,31.215,女性,　,
2021/10/21 16:07,33.4123,女性,　,36.8
2021/10/21 16:17,41.6752,男性, ,35.8
2021/10/21 17:39,12.4746,女性,　,35.5
2021/10/21 17:40,29.6193,男性, ,35.5
2021/10/21 17:42,23.5968,女性,　,35.8
2021/10/21 17:42,23.5946,女性,　,
2021/10/21 17:43,30.3823,女性,　,35.8
2021/10/21 18:14,24.0329,男性, ,35.5
2021/10/21 18:14,24.7611,男性, ,35.5
2021/10/21 19:08,22.3425,男性, ,35.7
2021/10/21 19:11,50.5675,男性, ,35.7
2021/10/21 19:50,27.8191,女性,　,35.6
2021/10/22 15:17,22.8781,女性,　,37.1
2021/10/22 15:18,18.9978,女性,　,36.6
2021/10/22 15:22,28.1168,女性,　,
2021/10/22 15:23,20.3505,女性,　,
2021/10/22 15:23,19.7916,女性,　,
2021/10/22 15:23,22.3525,女性,　,
2021/10/22 15:24,15.0688,女性,　,
2021/10/22 15:24,18.2173,女性,　,
2021/10/22 15:24,17.9068,女性,　,
2021/10/22 15:24,22.3236,女性,　,
2021/10/22 15:25,14.5684,女性,　,
2021/10/22 15:26,29.1802,女性,　,
2021/10/22 15:34,21.6486,男性, ,
2021/10/22 15:59,32.9713,男性, ,
2021/10/22 16:00,9.40764,女性,　,
2021/10/22 16:01,44.0437,女性,　,
2021/10/22 16:02,17.7182,女性,　,
2021/10/22 16:08,13.7272,女性,　,
2021/10/22 20:19,38.8236,男性, ,
2021/10/22 20:20,21.8006,男性, ,
2021/10/22 20:20,27.6149,男性, ,
2021/10/22 20:20,34.4482,男性, ,
2021/10/22 20:20,37.5014,男性, ,
2021/10/22 20:20,25.1935,男性, ,
2021/10/22 20:21,23.6264,男性, ,
2021/10/22 20:22,25.0687,男性, ,
2021/10/22 20:24,23.713,男性, ,
2021/10/22 20:24,27.0154,男性, ,
2021/10/22 20:24,24.2118,男性, ,
2021/10/22 20:25,32.7755,男性, ,
2021/10/22 20:25,23.3346,男性, ,
2021/10/22 20:25,25.4111,男性, ,
2021/10/22 20:25,24.3442,男性, ,
2021/10/25 10:11,22.8736,女性,　,
2021/10/25 10:12,21.9166,女性,　,
2021/10/25 10:12,17.3516,女性,　,
2021/10/25 10:12,21.7221,女性,　,
2021/10/25 10:14,24.7836,男性, ,
2021/10/25 10:14,23.8211,男性, ,
2021/10/25 10:15,25.1102,女性,　,
2021/10/25 10:15,24.5395,男性, ,
2021/10/25 10:16,35.865,男性, ,
2021/10/25 10:16,33.7842,女性,　,
2021/10/25 10:16,28.9956,女性,　,
2021/10/25 10:16,30.7231,男性, ,
2021/10/25 10:17,29.2286,女性,　,
2021/10/25 10:21,33.2689,男性, ,
2021/10/25 10:23,23.122,女性,　,
2021/10/25 10:24,25.6021,男性, ,
2021/10/25 10:24,25.2805,女性,　,
2021/10/25 10:24,14.6706,女性,　,
2021/10/25 10:25,12.8314,女性,　,
2021/10/25 10:26,27.7735,男性, ,
2021/10/25 10:26,32.6887,女性,　,
2021/10/25 10:26,28.8522,男性, ,
2021/10/25 10:35,25.5069,男性, ,
2021/10/25 10:35,25.1211,男性, ,
2021/10/25 10:36,28.0335,男性, ,
2021/10/25 10:36,29.5958,男性, ,
2021/10/25 10:36,27.8993,男性, ,
2021/10/25 10:36,26.0514,男性, ,
2021/10/25 10:44,12.3892,女性,　,
2021/10/25 11:03,23.8429,男性, ,
2021/10/25 11:04,22.0638,女性,　,
2021/10/25 11:04,29.1962,男性, ,
2021/10/25 11:05,42.825,男性, ,
2021/10/25 11:05,22.1275,女性,　,
2021/10/25 12:36,23.2356,男性, ,
2021/10/25 12:36,25.0739,女性,　,
2021/10/25 12:37,31.2656,女性,　,
2021/10/25 12:37,39.4801,女性,　,
2021/10/25 12:37,31.1497,男性, ,
2021/10/25 12:38,29.9829,女性,　,
2021/10/25 12:38,33.2536,女性,　,
2021/10/25 12:38,24.0096,女性,　,
2021/10/25 12:40,28.3684,女性,　,
2021/10/25 12:40,21.5235,女性,　,
2021/10/25 12:40,28.152,女性,　,
2021/10/25 12:41,28.7218,女性,　,
2021/10/25 12:41,28.6835,男性, ,
2021/10/25 12:42,26.2054,男性, ,
2021/10/25 12:42,32.3425,女性,　,
2021/10/25 12:43,35.9147,女性,　,
2021/10/25 12:43,25.8809,男性, ,
2021/10/25 12:44,26.5341,女性,　,
2021/10/25 12:45,23.9932,男性, ,
2021/10/25 12:45,29.9577,男性, ,
2021/10/25 12:46,25.3386,男性, ,
2021/10/25 12:46,31.2709,男性, ,
2021/10/25 12:46,21.1138,男性, ,
2021/10/25 12:48,26.8388,男性, ,
2021/10/25 17:20,29.784,女性,　,
2021/10/25 17:20,29.6583,女性,　,
2021/10/25 17:21,31.8883,女性,　,
2021/10/25 17:34,57.775,男性, ,
2021/10/25 17:36,43.7165,女性,　,
2021/10/26 9:08,23.2897,女性,　,
2021/10/26 9:13,24.9763,男性, ,
2021/10/26 9:14,38.9998,男性, ,
2021/10/26 9:16,33.3604,男性, ,
2021/10/26 9:17,30.5616,男性, ,
2021/10/26 9:17,34.8746,女性,　,
2021/10/26 9:17,21.9303,男性, ,
2021/10/26 9:20,47.4386,女性,　,
2021/10/26 9:21,43.7434,女性,　,
2021/10/26 9:22,29.9248,男性, ,
2021/10/26 9:30,21.9036,男性, ,
2021/10/26 9:31,24.0713,女性,　,
2021/10/26 9:31,30.0759,女性,　,
2021/10/26 9:31,31.5111,女性,　,
2021/10/26 9:32,30.0684,女性,　,
2021/10/26 9:32,29.7412,男性, ,
2021/10/26 9:32,15.0707,女性,　,
2021/10/26 9:32,24.2913,女性,　,
2021/10/26 9:33,29.1418,女性,　,
2021/10/26 9:33,23.8987,女性,　,
2021/10/26 9:33,18.7422,女性,　,
2021/10/26 9:34,29.8768,男性, ,
2021/10/26 9:34,19.7681,男性, ,
2021/10/26 9:35,16.6492,男性, ,
2021/10/26 9:35,26.0428,女性,　,
2021/10/26 9:35,33.9871,男性, ,
2021/10/26 9:40,29.734,男性, ,
2021/10/26 9:41,27.8573,男性, ,
2021/10/26 9:43,34.6261,男性, ,
2021/10/26 9:46,29.5413,女性,　,
2021/10/26 9:46,52.1186,男性, ,
2021/10/26 9:46,28.5332,男性, ,
2021/10/26 9:48,27.7361,男性, ,
2021/10/26 9:49,26.5229,男性, ,
2021/10/26 9:53,19.2662,女性,　,
2021/10/26 9:55,24.5598,男性, ,
2021/10/26 9:55,25.7657,男性, ,
2021/10/26 9:56,41.7374,男性, ,
2021/10/26 9:57,13.7518,男性, ,
2021/10/26 9:58,25.9187,男性, ,
2021/10/26 9:58,25.9976,男性, ,
2021/10/26 9:58,25.3798,男性, ,
2021/10/26 9:58,24.674,男性, ,
2021/10/26 9:59,40.4201,男性, ,
2021/10/26 9:59,25.4271,男性, ,
2021/10/26 9:59,37.4911,女性,　,
2021/10/26 9:59,29.024,女性,　,
2021/10/26 10:00,28.2662,女性,　,
2021/10/26 10:00,23.7397,男性, ,
2021/10/26 10:00,24.6768,男性, ,
2021/10/26 10:01,25.8219,女性,　,
2021/10/26 10:03,22.7372,女性,　,
2021/10/26 10:04,24.732,男性, ,
2021/10/26 10:04,22.7432,女性,　,
2021/10/26 10:05,22.5389,男性, ,
2021/10/26 10:09,25.2837,女性,　,
2021/10/26 10:12,24.125,男性, ,
2021/10/26 10:32,26.5746,男性, ,
2021/10/26 10:36,33.3059,女性,　,
2021/10/26 10:36,21.1697,男性, ,
2021/10/26 10:36,22.4449,男性, ,
2021/10/26 10:36,32.1174,男性, ,
2021/10/26 10:47,43.3267,男性, ,
2021/10/26 10:48,45.7404,男性, ,
2021/10/26 10:49,42.2275,男性, ,
2021/10/26 10:49,22.3541,女性,　,
2021/10/26 10:49,29.8337,男性, ,
2021/10/26 10:56,32.7132,女性,　,
2021/10/26 10:57,32.3957,男性, ,
2021/10/26 10:59,21.0559,男性, ,
2021/10/26 11:10,31.7929,女性,　,
2021/10/26 11:10,16.7999,男性, ,
2021/10/26 11:13,24.3569,男性, ,
2021/10/26 11:14,16.7983,女性,　,
2021/10/26 11:15,23.3983,男性, ,
2021/10/26 11:34,37.8372,男性, ,
2021/10/26 11:34,27.9912,女性,　,
2021/10/26 11:35,21.4124,男性, ,
2021/10/26 11:35,26.8605,女性,　,
2021/10/26 11:36,24.1167,男性, ,
2021/10/26 11:36,24.5262,男性, ,
2021/10/26 11:36,24.2493,女性,　,
2021/10/26 11:36,22.5439,男性, ,
2021/10/26 11:38,28.6487,女性,　,
2021/10/26 11:38,45.9558,男性, ,
2021/10/26 11:38,36.5798,男性, ,
2021/10/26 11:38,20.1071,男性, ,
2021/10/26 11:39,31.2605,男性, ,
2021/10/26 11:40,23.3882,男性, ,
2021/10/26 11:40,21.048,男性, ,
2021/10/26 11:41,47.7923,男性, ,
2021/10/26 11:41,28.3211,女性,　,
2021/10/26 11:41,33.1081,男性, ,
2021/10/26 11:41,26.3843,女性,　,
2021/10/26 11:41,37.2813,女性,　,
2021/10/26 11:41,36.0171,女性,　,
2021/10/26 11:42,27.2886,女性,　,
2021/10/26 11:42,22.6309,女性,　,
2021/10/26 11:43,21.7865,男性, ,
2021/10/26 11:44,32.5725,女性,　,
2021/10/26 11:45,32.2055,女性,　,
2021/10/26 11:46,26.3397,女性,　,
2021/10/26 11:46,20.2713,女性,　,
2021/10/26 11:49,60.3694,男性, ,
2021/10/26 11:49,41.4433,男性, ,
2021/10/26 11:49,24.6149,男性, ,
2021/10/26 11:49,30.0647,男性, ,
2021/10/26 11:50,28.0264,男性, ,
2021/10/26 11:51,16.0614,男性, ,
2021/10/26 11:51,36.4003,男性, ,
2021/10/26 11:51,16.0066,男性, ,
2021/10/26 11:51,28.8363,男性, ,
2021/10/26 11:52,26.9967,男性, ,
2021/10/26 11:52,30.3538,男性, ,
2021/10/26 11:53,27.3381,男性, ,
2021/10/26 11:54,38.0768,女性,　,
2021/10/26 11:54,34.7889,女性,　,
2021/10/26 11:55,30.3728,男性, ,
2021/10/26 11:55,37.1692,女性,　,
2021/10/26 11:59,22.9626,男性, ,
2021/10/26 11:59,24.3804,男性, ,
2021/10/26 11:59,15.3657,男性, ,
2021/10/26 12:00,25.9613,男性, ,
2021/10/26 12:08,32.1211,男性, ,
2021/10/26 12:08,23.9604,男性, ,
2021/10/26 12:09,45.2256,男性, ,
2021/10/26 12:10,26.431,男性, ,
2021/10/26 12:10,36.4616,女性,　,
2021/10/26 12:11,26.971,男性, ,
2021/10/26 12:11,46.0875,女性,　,
2021/10/26 12:11,30.2927,女性,　,
2021/10/26 12:12,25.3633,男性, ,
2021/10/26 12:13,24.2245,男性, ,
2021/10/26 12:15,25.2006,男性, ,
2021/10/26 12:15,45.1932,男性, ,
2021/10/26 12:15,36.1674,男性, ,
2021/10/26 12:15,10.6115,女性,　,
2021/10/26 12:15,45.3976,女性,　,
2021/10/26 12:16,37.5051,男性, ,
2021/10/26 12:16,32.7243,男性, ,
2021/10/26 12:16,24.1539,男性, ,
2021/10/26 12:17,45.2274,男性, ,
2021/10/26 12:17,18.9208,男性, ,
2021/10/26 12:17,36.0028,男性, ,
2021/10/26 12:18,25.2717,女性,　,
2021/10/26 12:18,22.7393,女性,　,
2021/10/26 12:18,32.617,男性, ,
2021/10/26 12:19,28.9636,男性, ,
2021/10/26 12:19,34.446,男性, ,
2021/10/26 12:19,27.3494,男性, ,
2021/10/26 12:22,14.6959,女性,　,
2021/10/26 12:30,39.8691,男性, ,
2021/10/26 12:30,26.2356,女性,　,
2021/10/26 12:33,23.5726,男性, ,
2021/10/26 12:33,23.1203,女性,　,
2021/10/26 12:35,21.1758,女性,　,
2021/10/26 12:36,46.1664,男性, ,
2021/10/26 12:36,35.8929,男性, ,
2021/10/26 12:39,25.1,男性, ,
2021/10/26 12:45,29.2368,男性, ,
2021/10/26 12:46,26.0744,男性, ,
2021/10/26 12:52,32.9254,男性, ,
2021/10/26 13:01,24.7206,男性, ,
2021/10/26 13:01,29.1941,男性, ,
2021/10/26 13:02,41.5895,女性,　,
2021/10/26 13:03,23.0998,女性,　,
2021/10/26 13:04,21.2656,男性, ,
2021/10/26 13:05,20.3802,男性, ,
2021/10/26 13:06,19.4446,女性,　,
2021/10/26 13:06,23.732,女性,　,
2021/10/26 13:07,33.8293,男性, ,
2021/10/26 13:08,25.4868,男性, ,
2021/10/26 13:08,24.8081,男性, ,
2021/10/26 13:19,26.9963,男性, ,
2021/10/26 13:20,31.8121,男性, ,
2021/10/26 13:21,15.5282,女性,　,
2021/10/26 13:21,51.738,男性, ,
2021/10/26 13:22,21.2447,男性, ,
2021/10/26 13:22,39.7394,男性, ,
2021/10/26 13:28,34.8585,男性, ,
2021/10/26 13:35,48.8989,男性, ,
2021/10/26 13:35,25.5345,男性, ,
2021/10/26 13:35,25.7014,男性, ,
2021/10/26 13:36,24.0036,男性, ,
2021/10/26 13:36,9.5094,女性,　,
2021/10/26 13:37,23.5519,男性, ,
2021/10/26 13:38,24.6986,女性,　,
2021/10/26 13:41,22.4925,男性, ,
2021/10/26 13:43,28.4863,女性,　,
2021/10/26 13:44,24.9863,男性, ,
2021/10/26 13:45,46.6088,男性, ,
2021/10/26 13:46,33.9527,男性, ,
2021/10/26 13:47,27.8375,男性, ,
2021/10/26 13:48,26.532,男性, ,
2021/10/26 13:49,44.6642,男性, ,
2021/10/26 13:51,30.7551,男性, ,
2021/10/26 13:51,31.3329,男性, ,
2021/10/26 13:52,30.9404,男性, ,
2021/10/26 13:53,41.7823,男性, ,
2021/10/26 13:53,34.6267,女性,　,
2021/10/26 13:57,18.6837,女性,　,
2021/10/26 13:58,19.5708,男性, ,
2021/10/26 14:04,31.4989,男性, ,
2021/10/26 14:10,34.2014,女性,　,
2021/10/26 14:11,28.1561,男性, ,
2021/10/26 14:13,18.763,男性, ,
2021/10/26 14:16,43.546,女性,　,
2021/10/26 14:16,32.3779,男性, ,
2021/10/26 14:17,29.9631,男性, ,
2021/10/26 14:17,23.643,女性,　,
2021/10/26 14:22,32.6894,男性, ,
2021/10/26 14:22,25.9721,男性, ,
2021/10/26 14:23,28.7016,男性, ,
2021/10/26 14:23,26.7379,男性, ,
2021/10/26 14:24,31.1087,男性, ,
2021/10/26 14:27,39.2415,男性, ,
2021/10/26 14:28,38.204,男性, ,
2021/10/26 14:28,21.1463,男性, ,
2021/10/26 14:33,25.5793,男性, ,
2021/10/26 14:33,32.3118,男性, ,
2021/10/26 14:41,20.5678,男性, ,
2021/10/26 14:43,21.7193,男性, ,
2021/10/26 14:46,35.75,男性, ,
2021/10/26 14:49,38.3214,女性,　,
2021/10/26 14:49,27.7874,女性,　,
2021/10/26 14:49,30.9609,女性,　,
2021/10/26 14:51,31.2603,男性, ,
2021/10/26 14:55,26.8331,男性, ,
2021/10/26 14:55,52.1101,男性, ,
2021/10/26 14:56,24.0738,女性,　,
2021/10/26 15:09,32.1012,女性,　,
2021/10/26 15:09,44.0406,女性,　,
2021/10/26 15:11,67.3109,男性, ,
2021/10/26 15:11,23.5548,男性, ,
2021/10/26 15:14,38.7618,男性, ,
2021/10/26 15:19,33.5811,男性, ,
2021/10/26 15:20,26.4065,女性,　,
2021/10/26 15:21,25.6355,女性,　,
2021/10/26 15:30,29.5466,男性, ,
2021/10/26 15:30,29.2945,男性, ,
2021/10/26 15:32,24.4248,男性, ,
2021/10/26 15:41,25.4937,男性, ,
2021/10/26 15:45,30.1866,男性, ,
2021/10/26 15:45,27.3336,男性, ,
2021/10/26 15:49,28.5231,女性,　,
2021/10/26 15:50,32.4206,女性,　,
2021/10/26 15:51,38.1717,女性,　,
2021/10/26 15:56,38.828,男性, ,
2021/10/26 16:07,26.8836,男性, ,
2021/10/26 16:13,27.6364,男性, ,
2021/10/26 16:15,24.0737,男性, ,
2021/10/26 16:18,19.7097,男性, ,
2021/10/26 16:18,24.656,男性, ,
2021/10/26 16:26,32.5063,男性, ,
2021/10/26 16:29,18.8081,女性,　,
2021/10/26 16:29,27.7201,男性, ,
2021/10/26 16:31,31.3492,女性,　,
2021/10/26 16:31,37.948,女性,　,
2021/10/26 16:31,30.5083,男性, ,
2021/10/26 16:32,23.6321,女性,　,
2021/10/26 16:32,46.1139,女性,　,
2021/10/26 16:35,30.0946,女性,　,
2021/10/26 16:43,35.6865,女性,　,
2021/10/26 16:45,36.4549,男性, ,
2021/10/26 16:46,23.2188,男性, ,
2021/10/26 17:02,37.7126,男性, ,
2021/10/26 17:07,26.4573,男性, ,
2021/10/26 17:11,26.4807,男性, ,
2021/10/26 17:26,26.7361,女性,　,
2021/10/26 17:27,23.4208,女性,　,
2021/10/26 17:38,31.7382,女性,　,
2021/10/26 17:39,25.0521,女性,　,
2021/10/26 17:42,22.3226,女性,　,
2021/10/26 17:44,24.9324,男性, ,
2021/10/26 17:45,62.6399,男性, ,
2021/10/26 17:45,46.2418,男性, ,
2021/10/26 17:46,25.2478,男性, ,
2021/10/26 17:47,50.3041,男性, ,
2021/10/26 17:50,23.1412,男性, ,
2021/10/26 17:57,11.2303,男性, ,
2021/10/26 17:59,27.3238,男性, ,
2021/10/26 18:00,36.4674,男性, ,
2021/10/26 18:00,27.7133,男性, ,
2021/10/26 18:03,30.1528,女性,　,
2021/10/26 18:06,46.7588,男性, ,
2021/10/26 18:06,43.675,女性,　,
2021/10/26 18:06,25.9144,男性, ,
2021/10/26 18:07,39.6769,男性, ,
2021/10/26 18:08,26.0985,男性, ,
2021/10/26 18:14,32.961,男性, ,
2021/10/26 18:25,43.6231,男性, ,
2021/10/26 18:25,51.6294,男性, ,
2021/10/26 18:31,60.4243,男性, ,
2021/10/26 18:36,38.9258,女性,　,
2021/10/26 18:40,32.2737,男性, ,
2021/10/26 18:41,30.4307,男性, ,
2021/10/26 18:43,22.6935,女性,　,
2021/10/26 18:44,18.4118,女性,　,
2021/10/26 18:46,27.2173,男性, ,
2021/10/26 18:48,22.4666,男性, ,
2021/10/26 18:49,37.1338,男性, ,
2021/10/26 18:54,31.4961,男性, ,
2021/10/26 18:56,30.1854,男性, ,
2021/10/26 18:57,32.9291,男性, ,
2021/10/26 19:01,18.9294,女性,　,
2021/10/26 19:02,24.2471,男性, ,
2021/10/26 19:03,24.7932,女性,　,
2021/10/26 19:56,24.2788,男性, ,
2021/10/26 19:56,35.2957,男性, ,
2021/10/27 11:05,25.4975,男性, ,
2021/10/27 11:09,23.9817,女性,　,
2021/10/27 11:25,34.3116,男性, ,
2021/10/27 11:36,42.0087,男性, ,
2021/10/27 12:06,24.9975,男性, ,
2021/10/27 12:22,25.1652,女性,　,
2021/10/27 12:25,24.9305,女性,　,
2021/10/27 12:26,33.7839,男性, ,
2021/10/27 12:31,32.6401,女性,　,
2021/10/27 12:31,35.997,女性,　,
2021/10/27 12:31,36.4649,男性, ,
2021/10/27 12:32,25.0655,女性,　,
2021/10/27 12:37,27.4779,男性, ,
2021/10/27 12:38,20.3315,男性, ,
2021/10/27 12:38,39.2637,女性,　,
2021/10/27 12:39,38.3582,女性,　,
2021/10/27 12:45,17.7891,男性, ,
2021/10/27 12:46,22.8812,男性, ,
2021/10/27 12:49,40.3092,女性,　,
2021/10/27 13:15,24.394,男性, ,
2021/10/27 13:16,27.1547,女性,　,
2021/10/27 13:17,55.0297,男性, ,
2021/10/27 13:17,23.1661,女性,　,
2021/10/27 13:17,29.0827,男性, ,
2021/10/27 13:37,29.4923,女性,　,
2021/10/27 13:37,27.4495,男性, ,
2021/10/27 13:44,49.4765,男性, ,
2021/10/27 13:44,26.4228,女性,　,
2021/10/27 13:48,25.8549,女性,　,
2021/10/27 13:59,28.9338,男性, ,
2021/10/27 14:10,34.0115,男性, ,
2021/10/27 14:14,40.4564,男性, ,
2021/10/27 14:15,42.7434,男性, ,
2021/10/27 14:15,22.9959,女性,　,
2021/10/27 14:15,28.3619,女性,　,
2021/10/27 14:18,27.8636,男性, ,
2021/10/27 14:19,28.2987,女性,　,
2021/10/27 14:31,54.6258,男性, ,
2021/10/27 14:31,43.3539,女性,　,
2021/10/27 14:32,23.5787,男性, ,
2021/10/27 14:34,33.6802,男性, ,
2021/10/27 14:37,35.329,男性, ,
2021/10/27 14:54,28.3663,男性, ,
2021/10/27 14:55,29.8436,女性,　,
2021/10/27 15:01,28.1744,女性,　,
2021/10/27 15:01,29.997,男性, ,
2021/10/27 15:18,23.5315,女性,　,
2021/10/27 15:20,33.5818,女性,　,
2021/10/27 15:26,32.6493,女性,　,
2021/10/27 15:27,29.1277,女性,　,
2021/10/27 15:30,25.0437,女性,　,
2021/10/27 15:30,25.6586,女性,　,
2021/10/27 15:38,32.7063,男性, ,
2021/10/27 15:44,34.2004,男性, ,
2021/10/27 15:52,24.5229,男性, ,
2021/10/27 16:04,23.6227,男性, ,
2021/10/27 16:08,38.4402,男性, ,
2021/10/27 16:16,29.7484,女性,　,
2021/10/27 16:16,61.3613,男性, ,
2021/10/27 16:33,37.4195,男性, ,
2021/10/27 16:34,28.5376,男性, ,
2021/10/27 16:45,9.16527,女性,　,
2021/10/27 16:45,25.4222,男性, ,
2021/10/27 16:58,24.6491,女性,　,
2021/10/27 17:01,28.7273,男性, ,
2021/10/27 17:03,30.2341,女性,　,
2021/10/27 17:04,28.0614,男性, ,
2021/10/27 17:06,27.5285,男性, ,
2021/10/27 17:14,36.0433,男性, ,
2021/10/27 17:28,44.027,男性, ,
2021/10/27 17:28,26.5069,女性,　,
2021/10/27 17:29,57.935,男性, ,
2021/10/27 17:59,24.533,男性, ,
2021/10/27 18:03,34.1546,男性, ,
2021/10/27 18:04,20.5471,男性, ,
2021/10/27 18:04,24.6238,男性, ,
2021/10/27 18:04,43.3666,男性, ,
2021/10/27 18:05,29.9553,男性, ,
2021/10/27 18:06,30.0154,男性, ,
2021/10/27 18:35,14.6635,女性,　,
2021/10/27 18:36,31.2041,男性, ,
2021/10/27 18:39,11.8382,男性, ,
2021/10/27 18:43,22.3006,男性, ,
2021/10/27 18:51,37.6529,男性, ,
2021/10/27 18:51,17.5923,女性,　,
2021/10/27 18:55,34.6013,男性, ,
2021/10/27 18:56,26.755,女性,　,
2021/10/28 11:38,30.5347,男性, ,
2021/10/28 11:45,30.0595,女性,　,
2021/10/28 12:06,28.3485,男性, ,
2021/10/28 12:21,38.1683,女性,　,
2021/10/28 12:22,32.1059,男性, ,
2021/10/28 12:27,38.7077,男性, ,
2021/10/28 12:30,20.4113,女性,　,
2021/10/28 12:30,29.8218,女性,　,
2021/10/28 12:32,23.3316,女性,　,
2021/10/28 12:33,28.2647,女性,　,
2021/10/28 12:34,22.9984,男性, ,
2021/10/28 12:34,24.2076,女性,　,
2021/10/28 12:37,34.0852,男性, ,
2021/10/28 12:37,36.2444,女性,　,
2021/10/28 12:38,32.3625,男性, ,
2021/10/28 12:41,21.0654,男性, ,
2021/10/28 12:44,27.6907,男性, ,
2021/10/28 12:46,28.7985,女性,　,
2021/10/28 13:01,30.3079,女性,　,
2021/10/28 13:01,31.7892,女性,　,
2021/10/28 13:31,53.8684,男性, ,
2021/10/28 13:39,26.091,女性,　,
2021/10/28 13:54,34.7997,男性, ,
2021/10/28 14:05,26.6948,女性,　,
2021/10/28 14:10,26.7092,女性,　,
2021/10/28 14:17,25.6534,男性, ,
2021/10/28 14:25,32.6711,女性,　,
2021/10/28 14:34,28.7442,男性, ,
2021/10/28 14:46,48.0015,女性,　,
2021/10/28 15:01,22.7625,男性, ,
2021/10/28 15:05,36.1068,女性,　,
2021/10/28 15:09,26.8617,男性, ,
2021/10/28 15:11,22.8028,女性,　,
2021/10/28 16:05,38.7127,女性,　,
2021/10/28 16:12,25.4812,女性,　,
2021/10/28 16:12,41.6251,男性, ,
2021/10/28 16:15,46.5042,男性, ,
2021/10/28 16:20,33.3926,女性,　,
2021/10/28 16:20,31.2034,男性, ,
2021/10/28 16:23,55.6819,男性, ,
2021/10/28 16:23,28.6543,男性, ,
2021/10/28 17:09,25.1065,男性, ,
2021/10/28 17:43,40.7192,女性,　,
2021/10/28 18:01,30.3169,男性, ,
2021/10/28 18:05,23.4926,女性,　,
2021/10/28 18:06,8.741,男性, ,
2021/10/28 18:06,37.8652,女性,　,
2021/10/28 18:07,20.5607,女性,　,
2021/10/28 18:07,34.2452,女性,　,
2021/10/28 18:09,16.9681,女性,　,
2021/10/28 18:15,21.0463,女性,　,
2021/10/28 18:17,36.3675,男性, ,
2021/10/28 18:23,33.6513,女性,　,
2021/10/28 18:23,34.3082,女性,　,
2021/10/28 18:24,66.5804,男性, ,
2021/10/28 18:26,29.7293,男性, ,
2021/10/28 18:32,23.6571,男性, ,
2021/10/28 18:37,18.6469,女性,　,
2021/10/28 18:39,27.3176,女性,　,
2021/10/28 18:47,27.418,女性,　,
2021/10/29 10:18,26.7052,女性,　,
2021/10/29 11:19,27.3458,女性,　,
2021/10/29 11:21,39.8572,男性, ,
2021/10/29 11:21,29.6579,女性,　,
2021/10/29 11:23,36.9855,女性,　,
2021/10/29 11:37,47.3938,男性, ,
2021/10/29 11:57,32.5831,男性, ,
2021/10/29 12:02,37.5859,男性, ,
2021/10/29 12:02,24.6492,男性, ,
2021/10/29 12:02,42.6559,男性, ,
2021/10/29 12:03,24.0158,男性, ,
2021/10/29 12:03,37.2575,男性, ,
2021/10/29 12:03,18.813,男性, ,
2021/10/29 12:03,37.9585,男性, ,
2021/10/29 12:11,32.6138,女性,　,
2021/10/29 12:11,31.8202,男性, ,
2021/10/29 12:11,29.1324,男性, ,
2021/10/29 12:11,22.4609,男性, ,
2021/10/29 12:12,24.9498,男性, ,
2021/10/29 12:19,29.8389,男性, ,
2021/10/29 12:21,29.244,男性, ,
2021/10/29 12:22,26.895,男性, ,
2021/10/29 12:22,23.1827,男性, ,
2021/10/29 12:22,24.4498,男性, ,
2021/10/29 12:22,25.2212,女性,　,
2021/10/29 12:23,25.8419,女性,　,
2021/10/29 12:28,33.0994,女性,　,
2021/10/29 12:29,32.9396,女性,　,
2021/10/29 12:35,20.1049,男性, ,
2021/10/29 12:35,25.2569,女性,　,
2021/10/29 12:38,35.7389,女性,　,
2021/10/29 12:38,23.3394,女性,　,
2021/10/29 12:39,33.6355,男性, ,
2021/10/29 12:40,29.7851,女性,　,
2021/10/29 12:43,39.395,女性,　,
2021/10/29 12:55,29.6106,女性,　,
2021/10/29 13:12,42.5878,男性, ,
2021/10/29 13:12,34.8251,女性,　,
2021/10/29 13:28,30.506,男性, ,
2021/10/29 13:39,38.0579,女性,　,
2021/10/29 13:40,27.9941,女性,　,
2021/10/29 13:44,30.265,男性, ,
2021/10/29 13:50,26.4279,男性, ,
2021/10/29 13:56,25.7666,男性, ,
2021/10/29 13:56,38.77,男性, ,
2021/10/29 13:58,20.8757,男性, ,
2021/10/29 13:59,33.5241,男性, ,
2021/10/29 13:59,21.132,男性, ,
2021/10/29 14:01,24.8536,男性, ,
2021/10/29 14:17,36.4884,女性,　,
2021/10/29 14:21,32.9665,女性,　,
2021/10/29 14:23,25.896,女性,　,
2021/10/29 14:25,22.5443,男性, ,
2021/10/29 14:55,51.4573,男性, ,
2021/10/29 14:55,24.6051,男性, ,
2021/10/29 14:55,30.2907,男性, ,
2021/10/29 14:59,27.0511,女性,　,
2021/10/29 15:48,28.6142,男性, ,
2021/10/29 16:02,33.3583,男性, ,
2021/10/29 16:32,26.8345,男性, ,
2021/10/29 16:57,16.4966,女性,　,
2021/10/29 17:10,25.2925,女性,　,
2021/10/29 17:32,27.4824,男性, ,
2021/10/29 17:35,49.2176,男性, ,
2021/10/29 17:37,27.7684,男性, ,
2021/10/29 17:38,35.13,女性,　,
2021/10/29 17:39,23.559,女性,　,
2021/10/29 18:19,22.8031,女性,　,
2021/10/29 18:20,28.3011,男性, ,
2021/10/29 18:28,16.5783,女性,　,
2021/10/29 18:29,27.4837,女性,　,
2021/10/29 18:33,31.2488,男性, ,
2021/10/29 18:35,35.6933,女性,　,
2021/10/29 18:40,35.8497,男性, ,
2021/10/29 18:41,41.1634,男性, ,
2021/10/29 18:45,32.8484,男性, ,
2021/10/29 18:54,22.4257,男性, ,
2021/10/29 19:00,16.7538,女性,　,
2021/11/1 10:51,23.9969,女性,　,
2021/11/1 10:51,24.5086,女性,　,
2021/11/1 10:52,14.5858,女性,　,
2021/11/1 10:52,24.7062,女性,　,
2021/11/1 10:52,24.5373,女性,　,
2021/11/1 11:03,21.1054,男性, ,
2021/11/1 11:03,21.6474,男性, ,
2021/11/1 11:41,23.8511,男性, ,
2021/11/1 11:57,24.4094,男性, ,
2021/11/1 12:01,22.8992,男性, ,
2021/11/1 12:06,23.7626,男性, ,
2021/11/1 12:28,36.5896,男性, ,
2021/11/1 12:28,33.5684,男性, ,
2021/11/1 12:34,33.8746,男性, ,
2021/11/1 12:49,36.8201,男性, ,
2021/11/1 13:17,33.6647,男性, ,
2021/11/1 13:17,28.3,女性,　,
2021/11/1 13:17,25.7496,男性, ,
2021/11/1 13:17,30.2166,男性, ,
2021/11/1 13:17,23.8003,女性,　,
2021/11/1 13:22,28.8261,男性, ,
2021/11/1 13:23,35.7026,男性, ,
2021/11/1 13:23,47.7281,男性, ,
2021/11/1 13:26,36.9005,男性, ,
2021/11/1 13:58,23.4657,女性,　,
2021/11/1 14:45,27.9183,男性, ,
2021/11/1 14:48,33.8267,男性, ,
2021/11/1 15:04,42.2474,男性, ,
2021/11/1 15:04,40.8719,男性, ,
2021/11/1 15:11,24.6857,女性,　,
2021/11/1 15:32,29.5584,男性, ,
2021/11/1 15:34,22.6064,女性,　,
2021/11/1 15:45,33.2686,女性,　,
2021/11/1 16:47,39.513,女性,　,
2021/11/1 16:48,22.5587,男性, ,
2021/11/1 16:51,31.5469,女性,　,
2021/11/1 16:52,42.8279,男性, ,
2021/11/1 17:06,31.7158,男性, ,
2021/11/1 17:18,44.688,男性, ,
2021/11/1 17:22,16.9112,女性,　,
2021/11/1 17:24,33.3001,男性, ,
2021/11/1 17:52,25.286,女性,　,
2021/11/1 18:04,37.3304,男性, ,
2021/11/1 18:08,26.0157,女性,　,
2021/11/1 18:15,17.7907,女性,　,
2021/11/1 18:18,28.806,女性,　,
2021/11/1 18:20,38.0465,女性,　,
2021/11/1 18:40,25.6966,女性,　,
2021/11/1 18:41,24.9151,女性,　,
2021/11/1 18:53,36.4581,女性,　,
2021/11/1 18:56,21.2526,男性, ,
2021/11/2 10:54,24.5804,女性,　,
2021/11/2 11:13,42.642,男性, ,
2021/11/2 11:13,31.6119,男性, ,
2021/11/2 11:25,43.182,男性, ,
2021/11/2 11:30,27.7021,女性,　,
2021/11/2 11:43,34.3176,女性,　,
2021/11/2 11:45,33.7683,女性,　,
2021/11/2 11:45,41.7172,女性,　,
2021/11/2 12:30,38.6398,男性, ,
2021/11/2 12:31,45.1311,男性, ,
2021/11/2 13:09,32.5302,女性,　,
2021/11/2 13:18,23.408,女性,　,
2021/11/2 13:18,24.6601,女性,　,
2021/11/2 13:18,30.1256,男性, ,
2021/11/2 13:28,25.8086,女性,　,
2021/11/2 13:32,29.296,男性, ,
2021/11/2 13:34,21.9025,女性,　,
2021/11/2 13:41,25.9023,男性, ,
2021/11/2 13:51,21.8748,女性,　,
2021/11/2 13:58,28.5132,男性, ,
2021/11/2 13:58,22.6883,女性,　,
2021/11/2 14:07,34.1592,男性, ,
2021/11/2 14:16,29.9233,男性, ,
2021/11/2 14:29,24.9117,女性,　,
2021/11/2 14:29,26.0798,女性,　,
2021/11/2 14:32,24.2138,女性,　,
2021/11/2 14:32,34.9168,男性, ,
2021/11/2 14:33,21.9483,男性, ,
2021/11/2 14:39,29.4155,男性, ,
2021/11/2 14:41,30.6752,男性, ,
2021/11/2 14:46,21.734,男性, ,
2021/11/2 15:15,25.8155,男性, ,
2021/11/2 15:16,23.5326,男性, ,
2021/11/2 15:20,46.7597,男性, ,
2021/11/2 15:27,29.4841,女性,　,
2021/11/2 15:47,53.9679,男性, ,
2021/11/2 16:56,32.644,女性,　,
2021/11/2 16:57,24.334,男性, ,
2021/11/2 16:58,21.7678,女性,　,
2021/11/2 16:58,24.0916,女性,　,
2021/11/2 17:02,24.8631,男性, ,
2021/11/2 17:37,30.9623,男性, ,
2021/11/2 17:37,26.453,男性, ,
2021/11/2 18:03,37.9336,女性,　,
2021/11/2 18:04,34.5931,女性,　,
2021/11/2 18:16,30.6646,男性, ,
2021/11/4 11:17,28.6973,女性,　,
2021/11/4 11:22,22.2703,女性,　,
2021/11/4 11:28,28.1697,男性, ,
2021/11/4 11:51,41.0841,男性, ,
2021/11/4 12:13,22.972,女性,　,
2021/11/4 12:14,31.4377,男性, ,
2021/11/4 12:24,53.1071,男性, ,
2021/11/4 12:29,24.7463,女性,　,
2021/11/4 12:51,46.2894,男性, ,
2021/11/4 14:43,26.4167,女性,　,
2021/11/4 14:49,35.6522,男性, ,
2021/11/4 14:53,28.4507,男性, ,
2021/11/4 14:54,24.7084,女性,　,
2021/11/4 15:14,27.7332,男性, ,
2021/11/4 15:33,23.6889,男性, ,
2021/11/4 16:19,22.2457,男性, ,
2021/11/4 16:59,26.309,女性,　,
2021/11/4 17:09,23.2413,女性,　,
2021/11/4 17:12,32.8763,男性, ,
2021/11/4 17:13,25.5877,女性,　,
2021/11/4 18:14,20.5375,男性, ,
2021/11/4 18:33,30.8569,男性, ,
2021/11/4 18:45,42.1076,男性, ,
2021/11/5 10:25,26.7212,女性,　,
2021/11/5 10:32,28.6648,男性, ,
2021/11/5 10:32,23.582,女性,　,
2021/11/5 10:32,28.0692,女性,　,
2021/11/5 10:39,26.3718,女性,　,
2021/11/5 10:52,24.3702,女性,　,
2021/11/5 10:52,23.3479,女性,　,
2021/11/5 10:52,25.1108,女性,　,
2021/11/5 10:52,23.7527,女性,　,
2021/11/5 10:53,25.4242,女性,　,
2021/11/5 10:53,34.5545,女性,　,
2021/11/5 10:53,18.7953,女性,　,
2021/11/5 10:53,28.3297,女性,　,
2021/11/5 10:53,30.5204,女性,　,
2021/11/5 10:54,26.0836,男性, ,
2021/11/5 10:54,32.2648,女性,　,
2021/11/5 11:02,24.6247,女性,　,
2021/11/5 11:14,26.6036,女性,　,
2021/11/5 11:14,24.1713,女性,　,
2021/11/5 11:14,33.8666,男性, ,
2021/11/5 11:23,26.1169,女性,　,
2021/11/5 11:40,22.8489,男性, ,
2021/11/5 11:40,32.6292,女性,　,
2021/11/5 11:40,26.7609,男性, ,
2021/11/5 11:41,25.7689,男性, ,
2021/11/5 11:44,23.2832,男性, ,
2021/11/5 11:44,22.5621,男性, ,
2021/11/5 11:51,22.05,女性,　,
2021/11/5 11:53,23.8077,女性,　,
2021/11/5 11:53,33.0064,男性, ,
2021/11/5 12:03,53.1305,男性, ,
2021/11/5 12:13,20.7686,女性,　,
2021/11/5 12:19,40.5922,男性, ,
2021/11/5 12:39,26.0161,男性, ,
2021/11/5 12:59,26.6098,男性, ,
2021/11/5 12:59,25.0012,男性, ,
2021/11/5 13:03,38.3555,男性, ,
2021/11/5 13:27,40.4985,男性, ,
2021/11/5 13:41,30.3551,男性, ,
2021/11/5 13:42,26.8828,男性, ,
2021/11/5 14:03,27.2707,女性,　,
2021/11/5 14:03,23.6644,女性,　,
2021/11/5 14:11,44.9444,女性,　,
2021/11/5 14:51,33.0404,女性,　,
2021/11/5 14:54,22.1949,女性,　,
2021/11/5 14:58,27.5674,男性, ,
2021/11/5 15:00,38.2009,男性, ,
2021/11/5 15:12,29.0196,男性, ,
2021/11/5 15:15,23.1844,男性, ,
2021/11/5 15:24,29.1527,男性, ,
2021/11/5 16:03,42.9742,女性,　,
2021/11/5 17:31,43.1358,女性,　,
2021/11/5 17:45,27.0372,男性, ,
2021/11/5 17:45,61.7559,男性, ,
2021/11/5 18:03,24.5336,女性,　,
2021/11/5 18:22,24.1413,男性, ,
2021/11/5 18:25,30.2909,女性,　,
2021/11/5 18:30,28.4742,男性, ,
2021/11/5 19:01,10.7422,女性,　,
2021/11/8 11:04,23.0949,女性,　,
2021/11/8 11:05,45.4839,女性,　,
2021/11/8 11:16,42.6859,男性, ,
2021/11/8 11:16,23.4656,男性, ,
2021/11/8 11:45,24.4266,男性, ,
2021/11/8 12:14,25.1135,男性, ,
2021/11/8 12:17,38.5121,女性,　,
2021/11/8 12:17,54.9117,女性,　,
2021/11/8 12:22,22.0086,男性, ,
2021/11/8 12:30,46.1789,男性, ,
2021/11/8 12:38,23.4153,女性,　,
2021/11/8 12:47,13.2954,女性,　,
2021/11/8 12:57,31.7742,男性, ,
2021/11/8 12:58,25.7485,男性, ,
2021/11/8 13:50,51.1502,女性,　,
2021/11/8 13:50,33.8764,女性,　,
2021/11/8 13:59,27.2807,男性, ,
2021/11/8 13:59,23.0332,男性, ,
2021/11/8 13:59,26.4239,男性, ,
2021/11/8 14:09,35.525,女性,　,
2021/11/8 14:11,29.1374,男性, ,
2021/11/8 14:24,34.2141,男性, ,
2021/11/8 14:31,29.0732,女性,　,
2021/11/8 14:35,28.324,女性,　,
2021/11/8 14:56,22.2893,男性, ,
2021/11/8 15:41,24.6243,男性, ,
2021/11/8 15:42,32.9557,女性,　,
2021/11/8 15:50,26.3077,男性, ,
2021/11/8 15:50,25.109,女性,　,
2021/11/8 15:52,30.2809,女性,　,
2021/11/8 15:52,30.8076,男性, ,
2021/11/8 15:55,26.2937,男性, ,
2021/11/8 15:56,32.5627,女性,　,
2021/11/8 15:57,25.1955,女性,　,
2021/11/8 15:57,25.7784,女性,　,
2021/11/8 15:57,25.9341,女性,　,
2021/11/8 15:57,26.6925,女性,　,
2021/11/8 16:07,44.6201,女性,　,
2021/11/8 16:18,30.7404,男性, ,
2021/11/8 16:50,43.904,男性, ,
2021/11/8 17:32,46.6068,男性, ,
2021/11/8 17:33,21.9778,女性,　,
2021/11/8 17:56,35.4106,男性, ,
2021/11/8 18:00,25.4052,女性,　,
2021/11/8 18:04,27.1196,女性,　,
2021/11/8 18:16,34.26,男性, ,
2021/11/8 18:28,30.802,男性, ,
2021/11/8 18:37,23.5815,男性, ,
2021/11/8 18:41,40.4695,男性, ,
2021/11/9 10:55,22.2687,女性,　,
2021/11/9 11:28,25.1085,男性, ,
2021/11/9 11:44,47.0733,女性,　,
2021/11/9 12:03,22.6591,女性,　,
2021/11/9 12:03,30.3222,男性, ,
2021/11/9 12:09,22.1742,男性, ,
2021/11/9 12:26,16.1309,男性, ,
2021/11/9 12:29,34.341,女性,　,
2021/11/9 12:35,42.3392,男性, ,
2021/11/9 12:36,33.349,男性, ,
2021/11/9 12:40,42.6651,女性,　,
2021/11/9 12:50,24.035,男性, ,
2021/11/9 13:09,25.1134,男性, ,
2021/11/9 13:11,29.0824,男性, ,
2021/11/9 13:11,24.4997,男性, ,
2021/11/9 13:18,28.1127,男性, ,
2021/11/9 13:28,37.0026,女性,　,
2021/11/9 13:59,29.7267,女性,　,
2021/11/9 14:07,27.2216,男性, ,
2021/11/9 14:14,54.0483,男性, ,
2021/11/9 14:15,11.7974,男性, ,
2021/11/9 14:20,22.6143,男性, ,
2021/11/9 14:20,28.1896,男性, ,
2021/11/9 14:31,28.2912,男性, ,
2021/11/9 14:52,35.4904,男性, ,
2021/11/9 14:52,23.0674,女性,　,
2021/11/9 15:33,34.7039,女性,　,
2021/11/9 16:07,18.7749,男性, ,
2021/11/9 16:09,52.5377,女性,　,
2021/11/9 16:37,25.313,男性, ,
2021/11/9 16:38,32.5373,男性, ,
2021/11/9 16:50,11.844,男性, ,
2021/11/9 16:50,31.31,男性, ,
2021/11/9 16:50,27.2166,男性, ,
2021/11/9 16:58,29.5413,男性, ,
2021/11/9 17:39,38.2307,男性, ,
2021/11/9 18:13,26.4937,女性,　,
2021/11/9 18:15,25.2135,女性,　,
2021/11/9 18:33,11.3022,男性, ,
2021/11/9 18:33,23.4301,男性, ,
2021/11/9 18:44,10.3527,女性,　,
2021/11/10 10:47,22.3915,女性,　,
2021/11/10 10:47,23.7968,女性,　,
2021/11/10 10:47,26.8428,女性,　,
2021/11/10 10:47,22.4272,女性,　,
2021/11/10 10:55,31.3312,女性,　,
2021/11/10 11:38,26.3451,女性,　,
2021/11/10 11:46,23.3922,男性, ,
2021/11/10 12:23,23.3075,女性,　,
2021/11/10 12:25,26.1592,男性, ,
2021/11/10 12:31,28.9288,男性, ,
2021/11/10 12:37,24.8172,男性, ,
2021/11/10 12:37,27.0699,男性, ,
2021/11/10 12:42,21.3651,女性,　,
2021/11/10 12:42,30.0495,女性,　,
2021/11/10 12:42,30.1911,男性, ,
2021/11/10 12:50,46.6161,男性, ,
2021/11/10 13:08,30.9352,男性, ,
2021/11/10 13:10,71.4419,男性, ,
2021/11/10 13:22,31.7532,男性, ,
2021/11/10 13:34,45.7851,女性,　,
2021/11/10 13:41,28.4297,男性, ,
2021/11/10 13:47,25.2937,女性,　,
2021/11/10 13:56,39.0793,女性,　,
2021/11/10 13:59,26.0923,男性, ,
2021/11/10 14:11,35.9611,男性, ,
2021/11/10 14:12,29.8319,女性,　,
2021/11/10 14:21,23.8238,男性, ,
2021/11/10 14:39,40.9264,女性,　,
2021/11/10 15:05,21.8034,男性, ,
2021/11/10 15:27,22.7901,男性, ,
2021/11/10 15:56,45.5993,男性, ,
2021/11/10 16:33,32.584,男性, ,
2021/11/10 16:41,45.4655,男性, ,
2021/11/10 17:34,16.8092,男性, ,
2021/11/10 17:34,48.1693,男性, ,
2021/11/10 17:42,30.9894,女性,　,
2021/11/10 17:51,22.199,女性,　,
2021/11/10 18:39,32.6903,男性, ,
2021/11/12 10:46,23.2825,女性,　,
2021/11/12 11:13,23.1288,男性, ,
2021/11/12 11:13,15.502,女性,　,
2021/11/12 11:13,23.1961,女性,　,
2021/11/12 11:40,37.3083,女性,　,
2021/11/12 11:43,28.2879,男性, ,
2021/11/12 11:43,23.3798,女性,　,
2021/11/12 11:47,21.4082,男性, ,
2021/11/12 11:47,30.6117,男性, ,
2021/11/12 12:03,53.9164,男性, ,
2021/11/12 12:09,34.9845,男性, ,
2021/11/12 12:10,23.2359,女性,　,
2021/11/12 12:12,23.0761,男性, ,
2021/11/12 12:12,15.6704,男性, ,
2021/11/12 12:19,54.0787,男性, ,
2021/11/12 12:19,21.18,男性, ,
2021/11/12 12:31,19.8127,男性, ,
2021/11/12 12:33,24.3275,男性, ,
2021/11/12 12:39,20.0546,男性, ,
2021/11/12 12:47,22.8423,女性,　,
2021/11/12 13:21,31.6758,女性,　,
2021/11/12 13:55,24.1511,男性, ,
2021/11/12 14:08,27.065,女性,　,
2021/11/12 14:16,25.4915,女性,　,
2021/11/12 14:28,28.3646,男性, ,
2021/11/12 15:15,35.5003,女性,　,
2021/11/12 15:24,10.6535,女性,　,
2021/11/12 15:50,38.8805,男性, ,
2021/11/12 15:52,33.9445,女性,　,
2021/11/12 16:06,34.6637,女性,　,
2021/11/12 16:08,17.8328,女性,　,
2021/11/12 16:12,29.9586,女性,　,
2021/11/12 16:55,25.4316,男性, ,
2021/11/12 17:35,20.8125,男性, ,
2021/11/12 18:34,23.5499,男性, ,
2021/11/12 18:34,23.8426,男性, ,
2021/11/12 19:10,23.4631,女性,　,
2021/11/15 10:51,24.0852,女性,　,
2021/11/15 10:51,25.5477,女性,　,
2021/11/15 11:01,26.1823,女性,　,
2021/11/15 11:05,22.2363,男性, ,
2021/11/15 11:12,23.8268,男性, ,
2021/11/15 11:20,19.3281,男性, ,
2021/11/15 11:21,29.9582,男性, ,
2021/11/15 11:39,35.0484,男性, ,
2021/11/15 11:52,20.5365,女性,　,
2021/11/15 11:53,19.442,女性,　,
2021/11/15 11:56,24.4433,女性,　,
2021/11/15 12:01,29.4539,男性, ,
2021/11/15 12:07,22.2577,女性,　,
2021/11/15 12:24,23.8544,男性, ,
2021/11/15 12:25,25.3707,男性, ,
2021/11/15 12:25,25.9177,男性, ,
2021/11/15 12:26,25.3357,女性,　,
2021/11/15 12:30,21.7366,男性, ,
2021/11/15 12:33,24.594,女性,　,
2021/11/15 12:40,22.0751,女性,　,
2021/11/15 12:40,23.0638,女性,　,
2021/11/15 12:40,23.3011,男性, ,
2021/11/15 12:52,29.0657,男性, ,
2021/11/15 13:00,43.2262,女性,　,
2021/11/15 13:00,40.6515,男性, ,
2021/11/15 13:14,34.5485,男性, ,
2021/11/15 14:15,27.3639,女性,　,
2021/11/15 14:15,26.4419,女性,　,
2021/11/15 14:47,34.6967,男性, ,
2021/11/15 14:50,24.4242,男性, ,
2021/11/15 14:55,42.6565,男性, ,
2021/11/15 15:01,35.5844,男性, ,
2021/11/15 15:04,18.6082,女性,　,
2021/11/15 15:22,19.2092,女性,　,
2021/11/15 15:34,44.0653,男性, ,
2021/11/15 15:38,24.7038,男性, ,
2021/11/15 15:41,40.7731,男性, ,
2021/11/15 15:47,20.4456,男性, ,
2021/11/15 16:04,26.4217,男性, ,
2021/11/15 18:10,38.3262,女性,　,
2021/11/15 18:12,36.41,男性, ,
2021/11/15 18:15,24.167,女性,　,
2021/11/15 18:22,23.2272,女性,　,
2021/11/15 18:43,30.9659,女性,　,
2021/11/15 18:43,31.1517,男性, ,
2021/11/15 18:47,33.0122,男性, ,
2021/11/16 11:04,24.2701,女性,　,
2021/11/16 11:12,25.2161,女性,　,
2021/11/16 11:13,27.3441,女性,　,
2021/11/16 11:26,32.8091,男性, ,
2021/11/16 11:31,21.4618,女性,　,
2021/11/16 12:15,24.4533,女性,　,
2021/11/16 12:15,28.714,女性,　,
2021/11/16 12:34,22.2454,男性, ,
2021/11/16 12:34,26.5646,女性,　,
2021/11/16 12:34,27.128,女性,　,
2021/11/16 12:36,17.2828,男性, ,
2021/11/16 13:57,21.6786,女性,　,
2021/11/16 13:58,22.4502,男性, ,
2021/11/16 13:58,25.5263,女性,　,
2021/11/16 13:59,25.8403,男性, ,
2021/11/16 13:59,18.4907,女性,　,
2021/11/16 14:32,27.4395,男性, ,
2021/11/16 14:32,22.5001,男性, ,
2021/11/16 14:40,24.8766,男性, ,
2021/11/16 14:46,20.7997,女性,　,
2021/11/16 14:48,38.642,男性, ,
2021/11/16 14:48,21.6693,男性, ,
2021/11/16 15:06,52.2825,男性, ,
2021/11/16 15:09,40.2456,男性, ,
2021/11/16 15:20,25.9928,男性, ,
2021/11/16 15:40,10.2035,男性, ,
2021/11/16 15:42,25.9995,男性, ,
2021/11/16 15:43,33.9164,男性, ,
2021/11/16 15:43,32.9543,女性,　,
2021/11/16 16:00,26.804,男性, ,
2021/11/16 16:00,22.0138,男性, ,
2021/11/16 16:00,17.9695,女性,　,
2021/11/16 16:00,23.8028,女性,　,
2021/11/16 16:01,23.7091,女性,　,
2021/11/16 16:01,22.6095,女性,　,
2021/11/16 16:01,22.7987,女性,　,
2021/11/16 16:22,23.9008,男性, ,
2021/11/16 16:22,27.9788,男性, ,
2021/11/16 16:26,26.5532,男性, ,
2021/11/16 16:33,40.3186,男性, ,
2021/11/16 17:27,22.8615,男性, ,
2021/11/17 10:36,24.9704,女性,　,
2021/11/17 10:45,24.9218,女性,　,
2021/11/17 11:03,22.3685,女性,　,
2021/11/17 11:03,33.0126,女性,　,
2021/11/17 11:10,24.7872,女性,　,
2021/11/17 11:22,44.4844,男性, ,
2021/11/17 12:47,23.7043,男性, ,
2021/11/17 12:53,28.7658,男性, ,
2021/11/17 13:08,42.3836,女性,　,
2021/11/17 14:22,25.5069,女性,　,
2021/11/17 14:46,22.8373,男性, ,
2021/11/17 14:53,8.83518,男性, ,
2021/11/17 15:00,38.3408,男性, ,
2021/11/17 15:07,29.7222,男性, ,
2021/11/17 15:07,28.6943,女性,　,
2021/11/17 15:33,36.5616,女性,　,
2021/11/17 15:42,31.982,女性,　,
2021/11/17 16:09,23.7168,女性,　,
2021/11/17 16:09,37.4563,女性,　,
2021/11/17 16:39,36.8889,男性, ,
2021/11/17 16:40,42.5254,男性, ,
2021/11/17 16:42,21.9223,女性,　,
2021/11/18 14:06,30.6341,女性,　,
2021/11/18 14:06,27.6116,女性,　,
2021/11/18 14:07,27.1851,女性,　,
2021/11/18 14:07,24.7285,女性,　,
2021/11/18 14:15,26.8667,女性,　,
2021/11/18 14:36,15.6103,男性, ,
2021/11/18 14:37,26.5563,女性,　,
2021/11/18 14:37,27.6098,男性, ,
2021/11/18 14:47,37.1893,男性, ,
2021/11/18 14:47,26.8065,男性, ,
2021/11/18 14:56,25.6715,男性, ,
2021/11/18 14:59,27.8028,男性, ,
2021/11/18 15:01,26.2525,男性, ,
2021/11/18 15:15,24.237,男性, ,
2021/11/18 15:25,26.4491,男性, ,
2021/11/18 15:25,37.6395,男性, ,
2021/11/18 16:03,28.2166,女性,　,
2021/11/18 17:46,22.5765,女性,　,
2021/11/18 18:27,23.1265,女性,　,
2021/11/18 18:34,21.764,女性,　,
2021/11/18 18:50,22.9586,女性,　,
2021/11/19 12:42,23.0574,男性, ,
2021/11/19 12:45,33.3159,女性,　,
2021/11/19 13:08,28.7457,男性, ,
2021/11/19 14:00,29.4592,女性,　,
2021/11/19 14:30,34.0215,男性, ,
2021/11/19 14:38,49.5543,女性,　,
2021/11/19 14:40,33.0919,男性, ,
2021/11/19 15:01,43.6533,男性, ,
2021/11/19 15:18,24.5034,女性,　,
2021/11/19 15:19,33.4006,男性, ,
2021/11/19 15:26,17.4181,女性,　,
2021/11/19 15:26,38.6753,男性, ,
2021/11/19 15:28,47.3942,男性, ,
2021/11/19 15:28,37.7933,男性, ,
2021/11/19 15:48,25.5958,女性,　,
2021/11/19 15:53,30.9431,男性, ,
2021/11/19 15:57,41.8278,女性,　,
2021/11/19 16:02,18.3015,女性,　,
2021/11/19 16:06,30.366,男性, ,
2021/11/19 16:06,23.786,女性,　,
2021/11/19 16:08,38.8702,男性, ,
2021/11/19 16:14,19.7533,女性,　,
2021/11/19 16:17,44.029,女性,　,
2021/11/19 16:18,34.5953,女性,　,
2021/11/19 16:22,25.8696,男性, ,
2021/11/19 17:23,25.0844,男性, ,
2021/11/19 18:15,35.8263,女性,　,
2021/11/19 18:21,69.759,男性, ,
2021/11/19 18:25,24.4794,女性,　,
2021/11/22 11:12,26.4797,男性, ,
2021/11/22 11:42,28.9045,女性,　,
2021/11/22 12:06,24.7337,女性,　,
2021/11/22 12:40,23.8505,男性, ,
2021/11/22 12:45,34.4881,女性,　,
2021/11/22 12:58,33.1837,男性, ,
2021/11/22 13:23,31.3904,女性,　,
2021/11/22 13:23,39.6563,女性,　,
2021/11/22 14:18,25.8678,男性, ,
2021/11/22 14:43,24.7301,女性,　,
2021/11/22 14:43,49.9726,女性,　,
2021/11/22 14:55,26.2515,女性,　,
2021/11/22 15:08,38.5365,女性,　,
2021/11/22 15:08,28.3964,女性,　,
2021/11/22 15:20,21.8281,男性, ,
2021/11/22 16:34,30.2313,男性, ,
2021/11/22 17:20,25.4337,男性, ,
2021/11/22 17:46,12.5566,女性,　,
2021/11/22 17:47,23.5191,女性,　,
2021/11/24 11:08,33.9918,男性, ,
2021/11/24 13:59,36.0857,男性, ,
2021/11/24 14:01,24.5205,男性, ,
2021/11/24 14:02,42.0907,男性, ,
2021/11/24 14:02,23.2691,男性, ,
2021/11/24 14:07,25.0271,女性,　,
2021/11/24 14:08,30.1834,男性, ,
2021/11/24 14:09,15.6003,女性,　,
2021/11/24 14:12,34.1954,女性,　,
2021/11/24 14:32,25.4607,女性,　,
2021/11/24 14:42,29.4014,女性,　,
2021/11/24 15:08,43.197,男性, ,
2021/11/24 15:16,34.115,女性,　,
2021/11/24 15:20,39.0461,男性, ,
2021/11/24 15:49,42.8782,男性, ,
2021/11/24 16:07,22.85,男性, ,
2021/11/24 16:15,13.3318,女性,　,
2021/11/24 16:21,42.1296,男性, ,
2021/11/24 16:21,24.2987,男性, ,
2021/11/24 16:21,34.2603,男性, ,
2021/11/24 16:21,24.6519,男性, ,
2021/11/24 16:22,10.3817,男性, ,
2021/11/24 16:27,38.068,女性,　,
2021/11/24 16:59,25.6563,男性, ,
2021/11/24 17:09,21.5399,女性,　,
2021/11/24 17:10,23.5981,女性,　,
2021/11/24 18:31,7.78952,女性,　,
2021/11/24 18:45,35.3367,女性,　,
2021/11/25 11:45,14.8513,男性, ,
2021/11/25 12:05,33.2493,男性, ,
2021/11/25 12:08,26.0224,男性, ,
2021/11/25 14:13,25.7084,女性,　,
2021/11/25 14:27,27.6924,男性, ,
2021/11/25 14:28,38.9293,男性, ,
2021/11/25 14:32,32.4108,男性, ,
2021/11/25 14:37,34.2103,男性, ,
2021/11/25 14:37,24.2857,男性, ,
2021/11/25 14:54,29.8253,男性, ,
2021/11/25 14:55,34.154,男性, ,
2021/11/25 15:06,23.4533,男性, ,
2021/11/25 15:06,28.6171,女性,　,
2021/11/25 15:26,25.4286,男性, ,
2021/11/25 16:19,30.9381,男性, ,
2021/11/25 18:05,26.8701,女性,　,
2021/11/25 18:14,26.1944,男性, ,
2021/11/25 18:14,26.8034,男性, ,
2021/11/25 18:14,34.7721,男性, ,
2021/11/25 19:41,38.3048,女性,　,
2021/11/26 10:48,30.032,女性,　,
2021/11/26 10:56,44.3338,男性, ,
2021/11/26 11:09,41.1813,女性,　,
2021/11/26 11:21,33.2235,男性, ,
2021/11/26 11:21,18.8858,女性,　,
2021/11/26 11:49,23.2225,男性, ,
2021/11/26 12:11,44.7786,女性,　,
2021/11/26 12:15,30.4612,女性,　,
2021/11/26 12:51,23.4288,女性,　,
2021/11/26 13:16,53.9177,男性, ,
2021/11/26 13:52,40.9736,男性, ,
2021/11/26 14:18,30.6516,女性,　,
2021/11/26 14:37,40.7361,男性, ,
2021/11/26 14:50,33.5705,男性, ,
2021/11/26 14:53,27.8437,男性, ,
2021/11/26 18:56,27.7699,女性,　,
2021/11/29 12:08,26.5312,女性,　,
2021/11/29 12:17,24.4938,男性, ,
2021/11/29 12:35,24.8669,女性,　,
2021/11/29 12:37,22.1708,男性, ,
2021/11/29 13:01,13.451,男性, ,
2021/11/29 13:02,28.0199,女性,　,
2021/11/29 13:03,34.2902,女性,　,
2021/11/29 13:31,43.8722,男性, ,
2021/11/29 13:43,27.2594,男性, ,
2021/11/29 13:44,31.5258,男性, ,
2021/11/29 13:44,51.1313,男性, ,
2021/11/29 13:44,26.5672,男性, ,
2021/11/29 14:01,25.213,男性, ,
2021/11/29 14:01,25.6902,男性, ,
2021/11/29 14:01,24.4964,男性, ,
2021/11/29 14:01,19.4958,男性, ,
2021/11/29 14:02,38.3677,男性, ,
2021/11/29 14:43,33.4318,女性,　,
2021/11/29 15:13,8.19508,男性, ,
2021/11/29 15:16,38.9853,男性, ,
2021/11/29 15:32,23.0485,女性,　,
2021/11/29 16:25,47.5035,女性,　,
2021/11/29 16:58,36.9162,女性,　,
2021/11/29 17:20,43.6409,男性, ,
2021/11/29 17:28,31.1241,男性, ,
2021/11/29 18:21,38.4882,男性, ,
2021/11/30 10:55,26.4166,女性,　,
2021/11/30 11:28,25.5807,男性, ,
2021/11/30 11:29,34.1344,男性, ,
2021/11/30 11:46,22.9472,女性,　,
2021/11/30 11:46,43.4196,男性, ,
2021/11/30 11:49,21.8667,女性,　,
2021/11/30 11:53,27.3964,男性, ,
2021/11/30 11:53,26.1473,男性, ,
2021/11/30 11:55,22.7203,男性, ,
2021/11/30 11:55,19.5806,女性,　,
2021/11/30 11:56,30.2924,女性,　,
2021/11/30 11:57,27.0686,男性, ,
2021/11/30 11:57,25.3121,男性, ,
2021/11/30 11:57,38.5779,男性, ,
2021/11/30 11:57,25.3961,男性, ,
2021/11/30 11:58,21.7602,男性, ,
2021/11/30 11:58,35.6208,男性, ,
2021/11/30 11:58,26.0011,男性, ,
2021/11/30 11:58,30.1877,男性, ,
2021/11/30 11:58,29.9576,男性, ,
2021/11/30 11:58,29.4172,男性, ,
2021/11/30 11:59,36.8759,男性, ,
2021/11/30 14:05,43.0598,女性,　,
2021/11/30 14:05,31.4691,女性,　,
2021/11/30 14:05,29.5708,女性,　,
2021/11/30 14:17,25.5897,男性, ,
2021/11/30 14:22,33.2682,女性,　,
2021/11/30 14:28,25.8773,男性, ,
2021/11/30 14:36,22.5488,男性, ,
2021/11/30 14:49,31.6181,女性,　,
2021/11/30 15:02,28.1756,男性, ,
2021/11/30 15:47,25.363,男性, ,
2021/11/30 15:47,25.0134,男性, ,
2021/11/30 16:43,28.9699,女性,　,
2021/11/30 17:01,22.8642,男性, ,
2021/11/30 17:03,22.4618,女性,　,
2021/11/30 17:04,24.1354,女性,　,
2021/11/30 18:06,30.503,女性,　,
2021/11/30 18:18,60.9138,男性, ,
2021/12/1 18:30,9.73318,女性,　,
2021/12/1 18:33,38.9075,女性,　,
2021/12/2 10:40,23.6749,女性,　,
2021/12/2 10:42,26.4036,女性,　,
2021/12/2 11:07,23.7721,男性, ,
2021/12/2 13:29,30.7436,男性, ,
2021/12/2 13:29,27.4907,女性,　,
2021/12/2 13:29,37.526,女性,　,
2021/12/2 13:30,52.689,男性, ,
2021/12/2 14:22,44.5317,男性, ,
2021/12/2 14:55,34.4855,女性,　,
2021/12/2 14:56,44.6323,女性,　,
2021/12/2 15:04,26.4547,男性, ,
2021/12/2 15:16,28.904,男性, ,
2021/12/2 15:36,28.4196,女性,　,
2021/12/2 16:14,37.5146,女性,　,
2021/12/2 17:16,32.9667,男性, ,
2021/12/2 18:17,25.3019,男性, ,
2021/12/2 18:29,38.5682,男性, ,
2021/12/2 18:46,25.771,男性, ,
2021/12/2 18:49,33.0684,男性, ,
2021/12/3 11:00,34.186,女性,　,
2021/12/3 11:10,29.0857,男性, ,
2021/12/3 13:15,34.3955,男性, ,
2021/12/3 13:19,20.1009,男性, ,
2021/12/3 13:19,32.6442,男性, ,
2021/12/3 14:02,25.026,男性, ,
2021/12/3 14:05,29.4965,男性, ,
2021/12/3 15:08,34.8258,男性, ,
2021/12/3 15:29,26.9058,男性, ,
2021/12/3 15:40,31.1899,男性, ,
2021/12/3 15:40,42.3017,女性,　,
2021/12/3 15:40,25.2336,男性, ,
2021/12/3 16:07,51.9519,男性, ,
2021/12/3 16:39,22.9801,女性,　,
2021/12/3 16:49,50.9495,男性, ,
2021/12/3 16:49,38.9282,男性, ,
2021/12/3 16:50,57.8862,男性, ,
2021/12/3 17:00,29.8063,男性, ,
2021/12/3 18:16,20.0179,男性, ,
2021/12/3 18:18,12.2168,女性,　,
2021/12/3 18:37,37.6142,男性, ,
2021/12/6 10:51,27.5185,女性,　,
2021/12/6 11:13,32.2472,男性, ,
2021/12/6 11:13,28.0912,男性, ,
2021/12/6 11:56,28.8727,男性, ,
2021/12/6 11:58,20.8805,女性,　,
2021/12/6 12:14,36.993,女性,　,
2021/12/6 12:19,25.386,女性,　,
2021/12/6 12:33,27.8723,男性, ,
2021/12/6 12:33,32.4503,女性,　,
2021/12/6 14:04,33.5205,男性, ,
2021/12/6 14:04,25.5635,男性, ,
2021/12/6 14:05,24.6693,男性, ,
2021/12/6 14:15,31.3832,女性,　,
2021/12/6 15:36,38.0927,男性, ,
2021/12/6 15:54,24.8285,男性, ,
2021/12/6 15:59,33.7172,女性,　,
2021/12/6 16:33,18.3326,男性, ,
2021/12/6 16:39,28.633,女性,　,
2021/12/6 18:23,29.2699,男性, ,
2021/12/7 10:46,33.1618,女性,　,
2021/12/7 11:01,31.045,男性, ,
2021/12/7 11:53,6.27784,女性,　,
2021/12/7 11:54,24.8623,女性,　,
2021/12/7 12:54,45.6135,女性,　,
2021/12/7 13:19,26.1801,男性, ,
2021/12/7 14:32,26.2596,女性,　,
2021/12/7 14:47,23.724,男性, ,
2021/12/7 16:29,25.9447,男性, ,
2021/12/7 16:29,39.8073,男性, ,
2021/12/7 16:43,26.0667,男性, ,
2021/12/7 17:43,29.6742,女性,　,
2021/12/7 17:50,36.3477,男性, ,
2021/12/7 17:50,26.9675,男性, ,
2021/12/7 17:53,22.6189,男性, ,
2021/12/7 18:43,30.404,男性, ,
2021/12/8 12:00,22.8438,女性,　,
2021/12/8 12:05,25.8509,男性, ,
2021/12/8 12:16,35.0766,男性, ,
2021/12/8 12:26,31.0119,男性, ,
2021/12/8 12:53,27.5541,男性, ,
2021/12/8 14:33,51.7691,男性, ,
2021/12/8 14:35,24.1138,男性, ,
2021/12/8 14:36,27.1944,男性, ,
2021/12/8 14:39,27.6014,男性, ,
2021/12/8 14:49,29.6609,男性, ,
2021/12/8 15:17,40.4863,女性,　,
2021/12/8 15:37,38.2154,男性, ,
2021/12/8 16:28,33.244,女性,　,
2021/12/8 16:55,24.2004,女性,　,
2021/12/9 11:09,39.2748,男性, ,
2021/12/9 11:13,22.1368,男性, ,
2021/12/9 11:36,24.9734,男性, ,
2021/12/9 11:39,34.1605,男性, ,
2021/12/9 11:47,15.6114,女性,　,
2021/12/9 11:47,19.6796,女性,　,
2021/12/9 12:06,29.0495,女性,　,
2021/12/9 12:08,34.0167,男性, ,
2021/12/9 12:11,29.1397,男性, ,
2021/12/9 12:15,28.4076,女性,　,
2021/12/9 12:23,20.0518,男性, ,
2021/12/9 12:27,18.5333,男性, ,
2021/12/9 12:33,27.9761,男性, ,
2021/12/9 12:34,23.5227,女性,　,
2021/12/9 12:40,48.995,女性,　,
2021/12/9 12:42,24.1459,男性, ,
2021/12/9 12:54,22.2249,男性, ,
2021/12/9 12:55,25.3855,女性,　,
2021/12/9 12:56,27.9051,女性,　,
2021/12/9 13:20,25.4981,女性,　,
2021/12/9 13:46,45.3979,男性, ,
2021/12/9 14:11,28.2476,男性, ,
2021/12/9 14:16,23.5481,女性,　,
2021/12/9 14:17,27.0767,男性, ,
2021/12/9 14:20,34.6467,男性, ,
2021/12/9 14:27,46.905,男性, ,
2021/12/9 14:30,26.2499,女性,　,
2021/12/9 15:07,34.3897,男性, ,
2021/12/9 15:29,43.4882,男性, ,
2021/12/9 15:30,33.035,女性,　,
2021/12/9 15:30,28.1745,女性,　,
2021/12/9 15:33,34.9242,女性,　,
2021/12/9 15:33,25.2956,女性,　,
2021/12/9 15:35,30.6502,男性, ,
2021/12/9 15:57,54.1301,男性, ,
2021/12/9 16:07,29.2487,男性, ,
2021/12/9 17:58,30.2034,男性, ,
2021/12/9 18:14,42.2482,男性, ,
2021/12/10 10:42,21.387,女性,　,
2021/12/10 10:43,29.6053,女性,　,
2021/12/10 10:43,25.4332,女性,　,
2021/12/10 11:18,27.8451,女性,　,
2021/12/10 12:20,22.5097,男性, ,
2021/12/10 12:29,27.6681,女性,　,
2021/12/10 12:37,22.4863,男性, ,
2021/12/10 12:56,28.1149,女性,　,
2021/12/10 12:56,24.1699,女性,　,
2021/12/10 12:57,29.0266,女性,　,
2021/12/10 12:58,26.6041,女性,　,
2021/12/10 12:58,23.6059,女性,　,